position,branch,head_sha,classification,evidence,next_action
189,automation/guest-pix-frontend-r11,1886ec858fd47179be9502ae3884401bfa19c405,ALREADY_MERGED,"compare HEAD...main: merge-base=HEAD; branch has 0 exclusive commits; main 1048 commits ahead","safe-delete candidate after W10 cross-check"
190,automation/home-card-density-20260923-0200,e49998eec5de3ce8237f32f8226c98da76374836,UNIQUE_USEFUL_REVIEW,"compare HEAD...main: diverged; merge-base a84242e; branch has 1 exclusive commit; HEAD message fix(home): expose keyboard focus on discovery cards","inspect exclusive patch/files and compare equivalent accessibility behavior in main before recovery"
191,automation/home-card-media-priority-20260923,e906c98ead212753e1738838f826916c12f85eaa,STALE_UNCLEAR,"HEAD captured from current GitHub branch listing; ancestry/patch not yet evaluated","compare against main"
192,automation/home-image-priority-20260922,aad80e23dd6e8c73f11c3a55ac85e2fe49dab484,STALE_UNCLEAR,"HEAD captured from current GitHub branch listing; ancestry/patch not yet evaluated","compare against main"
193,automation/idempotency-processing-r11,fc6ebaa16600febd5a44a17f17a5631cce51106b,STALE_UNCLEAR,"HEAD captured from current GitHub branch listing; ancestry/patch not yet evaluated","compare against main"
194,automation/idempotency-processing-recovery-r12,5217a9f40f5cb69b6883e64ccaedbf09f0218947,STALE_UNCLEAR,"HEAD captured from current GitHub branch listing; ancestry/patch not yet evaluated","compare against main"
195,automation/idempotent-helper-r3,887e14358bcbd01a8a587a6fb91977de4bc9b210,STALE_UNCLEAR,"HEAD captured from current GitHub branch listing; ancestry/patch not yet evaluated","compare against main"
196,automation/jitter-rate-limited-payment-sync-r11,5f8b8ae6ab898223cef32888f84852be7e84b15b,STALE_UNCLEAR,"HEAD captured from current GitHub branch listing; ancestry/patch not yet evaluated","compare against main"
197,automation/messaging-lifecycle-idempotency,0bc9bc6d09c016cb6d90f8f1b44fadd9d0957ff7,STALE_UNCLEAR,"HEAD captured from current GitHub branch listing; ancestry/patch not yet evaluated","compare against main"
198,automation/mobile-checkout-payment-cta-r10,be6f04418b88b4b3b20557bf8f5118edc46fec1e,STALE_UNCLEAR,"HEAD captured from current GitHub branch listing; frontend/mobile checkout high-risk/high-value scope","compare patch/files/PR; functional review against current checkout required"
199,automation/mobile-pix-direct-attempt-r12,66191f4470cc002f4933eeb5e91117c5af156cfa,STALE_UNCLEAR,"HEAD captured from current GitHub branch listing; frontend/mobile PIX high-risk/high-value scope","compare patch/files/PR; functional review against current checkout required"
200,automation/monetizacao-eficiencia-attach,fbf8895efa5bfa1925ed760a06878e8621c294aa,STALE_UNCLEAR,"HEAD captured from current GitHub branch listing; ancestry/patch not yet evaluated","compare against main"
